{
    "add_command": [],
    "architecture": "x86_64",
    "author": "Redis",
    "capabilities": [
        "types",
        "failover_migrate",
        "persistence_rdb",
        "persistence_aof",
        "clustering",
        "replica_of",
        "backup_restore",
        "eviction_expiry",
        "no_multi_key",
        "intershard_tls",
        "intershard_tls_pass"
    ],
    "command_line_args": "",
    "commands": [
        {
            "command_arity": -1,
            "command_name": "graph.RO_QUERY",
            "first_key": 1,
            "flags": [
                "readonly"
            ],
            "last_key": 1,
            "step": 1
        },
        {
            "command_arity": -1,
            "command_name": "graph.PROFILE",
            "first_key": 1,
            "flags": [
                "write",
                "denyoom"
            ],
            "last_key": 1,
            "step": 1
        },
        {
            "command_arity": -1,
            "command_name": "graph.QUERY",
            "first_key": 1,
            "flags": [
                "write",
                "denyoom"
            ],
            "last_key": 1,
            "step": 1
        },
        {
            "command_arity": -1,
            "command_name": "graph.LIST",
            "first_key": 0,
            "flags": [
                "readonly"
            ],
            "last_key": 0,
            "step": 0
        },
        {
            "command_arity": -1,
            "command_name": "graph.EXPLAIN",
            "first_key": 1,
            "flags": [
                "write",
                "denyoom"
            ],
            "last_key": 1,
            "step": 1
        },
        {
            "command_arity": -1,
            "command_name": "graph.SLOWLOG",
            "first_key": 1,
            "flags": [
                "readonly"
            ],
            "last_key": 1,
            "step": 1
        },
        {
            "command_arity": -1,
            "command_name": "graph.DELETE",
            "first_key": 1,
            "flags": [
                "write"
            ],
            "last_key": 1,
            "step": 1
        },
        {
            "command_arity": -1,
            "command_name": "graph.BULK",
            "first_key": 1,
            "flags": [
                "write",
                "denyoom"
            ],
            "last_key": 1,
            "step": 1
        }
    ],
    "config_command": "GRAPH.CONFIG SET",
    "crdb": {},
    "dependencies": {},
    "description": "A graph database module for Redis",
    "display_name": "RedisGraph",
    "email": "roi@redis.com",
    "exclude_commands": [
        "graph.CONFIG",
        "graph.DEBUG"
    ],
    "git_sha": "b'fa83660a954b6606bfdb5787b1995db24d747744'",
    "homepage": "http://redisgraph.io",
    "license": "Redis Source Available License Agreement",
    "min_redis_pack_version": "6.2.8",
    "min_redis_version": "6.0",
    "module_file": "redisgraph.so",
    "module_name": "graph",
    "optional-dependencies": {},
    "os": "Linux",
    "overide_command": [],
    "ramp_format_version": 1,
    "semantic_version": "2.8.21",
    "sha256": "7bedb93f8f0f971c6d861569c7a000835eee6f25a20d52d79439e92f9bb3c35b",
    "version": 20821.0
}